Tarih;Acilis;Kapanis
29 Mart 2021;449.32;451.21
30 Mart 2021;451.37;451.36
31 Mart 2021;451.68;452.37
1 Nisan 2021;453.13;450.8
2 Nisan 2021;450.63;454.45
5 Nisan 2021;454.6;450.2
6 Nisan 2021;451.54;455.74
7 Nisan 2021;456.53;455.14
8 Nisan 2021;456.12;459.08
9 Nisan 2021;459.63;457.29
10 Nisan 2021;459.15;457.31
12 Nisan 2021;457.21;453.73
13 Nisan 2021;454;454.83
14 Nisan 2021;454.99;450.23
15 Nisan 2021;450.51;454.14
16 Nisan 2021;454.14;460.52
17 Nisan 2021;454.14;460.43
19 Nisan 2021;461.21;460.66
20 Nisan 2021;461.05;463.45
21 Nisan 2021;463.59;471.67
22 Nisan 2021;471.54;476.65
23 Nisan 2021;476.62;478.77
26 Nisan 2021;480.87;473.65
27 Nisan 2021;474.36;468.66
28 Nisan 2021;468.53;468.96
29 Nisan 2021;469.54;467.26
30 Nisan 2021;467.89;471.27
1 Mayýs 2021;467.89;471.21
3 Mayýs 2021;470.97;475.35
4 Mayýs 2021;475.48;475.96
5 Mayýs 2021;476.13;477.56
6 Mayýs 2021;478.1;482.86
7 Mayýs 2021;483.24;484.8
8 Mayýs 2021;482.59;484.8
10 Mayýs 2021;484.78;488.36
11 Mayýs 2021;488.3;488.96
12 Mayýs 2021;489.13;491.39
13 Mayýs 2021;492.1;499.29
14 Mayýs 2021;499.51;501.11
17 Mayýs 2021;500.7;498.92
18 Mayýs 2021;499.02;502.13
19 Mayýs 2021;502.21;505.66
20 Mayýs 2021;506.03;505.78
21 Mayýs 2021;505.73;509.09
24 Mayýs 2021;509.55;507.28
25 Mayýs 2021;507.06;516.64
26 Mayýs 2021;516.38;515.65
27 Mayýs 2021;515.66;518.16
28 Mayýs 2021;518.38;524.23
31 Mayýs 2021;524.91;520.49
1 Haziran 2021;520.8;520.52
2 Haziran 2021;529.75;527.17
3 Haziran 2021;527.32;523.41
4 Haziran 2021;523.63;526.95
7 Haziran 2021;526.69;525.91
8 Haziran 2021;526.63;523.7
9 Haziran 2021;523.68;521.57
10 Haziran 2021;521.63;514.32
11 Haziran 2021;514.53;506.72
14 Haziran 2021;506.27;508.14
15 Haziran 2021;508.16;511.43
16 Haziran 2021;511.42;501.9
17 Haziran 2021;502.17;497.11
18 Haziran 2021;497.08;495.64
21 Haziran 2021;496.5;502.76
22 Haziran 2021;503.52;494.67
23 Haziran 2021;494.64;494.17
24 Haziran 2021;494.13;497.03
25 Haziran 2021;497.05;502
26 Haziran 2021;497.05;502.03
28 Haziran 2021;501.73;496.5
29 Haziran 2021;497.04;494.45
30 Haziran 2021;494.27;495.42
1 Temmuz 2021;495.11;494.49
2 Temmuz 2021;494.26;498.76
5 Temmuz 2021;498.27;499.06
6 Temmuz 2021;499.31;502.04
7 Temmuz 2021;502.1;503.57
8 Temmuz 2021;503.73;503.87
9 Temmuz 2021;503.78;503.37
10 Temmuz 2021;503.78;503.43
12 Temmuz 2021;503.48;501.44
13 Temmuz 2021;501.45;500.99
14 Temmuz 2021;500.91;504.34
15 Temmuz 2021;504.92;503.64
16 Temmuz 2021;503.75;496.25
17 Temmuz 2021;503.75;496.26
19 Temmuz 2021;498.64;500.34
20 Temmuz 2021;500.67;498.49
21 Temmuz 2021;499.04;496.29
22 Temmuz 2021;496.49;497.47
23 Temmuz 2021;497.74;495.46
24 Temmuz 2021;497.74;495.48
26 Temmuz 2021;495.33;494.12
27 Temmuz 2021;494.37;495.03
28 Temmuz 2021;494.85;496.57
29 Temmuz 2021;496.75;496.77
30 Temmuz 2021;497.21;492.54
2 Ađustos 2021;492.8;486.67
3 Ađustos 2021;486.64;489.1
4 Ađustos 2021;489.22;493.6
5 Ađustos 2021;493.67;494.37
6 Ađustos 2021;494.71;488.29
7 Ađustos 2021;494.71;488.27
9 Ađustos 2021;488.45;479.91
10 Ađustos 2021;480.15;477.9
11 Ađustos 2021;477.85;485.78
12 Ađustos 2021;485.83;481.5
13 Ađustos 2021;482.36;487.1
14 Ađustos 2021;482.36;487.34
16 Ađustos 2021;487.35;485.73
17 Ađustos 2021;485.87;484.01
18 Ađustos 2021;484;485.82
19 Ađustos 2021;486.34;486.08
20 Ađustos 2021;486.97;485.73
21 Ađustos 2021;486.97;485.86
23 Ađustos 2021;486.11;488.79
24 Ađustos 2021;488.82;486.64
25 Ađustos 2021;485.99;482
26 Ađustos 2021;481.89;483.57
27 Ađustos 2021;483.3;487.73
28 Ađustos 2021;483.3;487.63
30 Ađustos 2021;487.56;487.31
31 Ađustos 2021;487.41;484.49
1 Eylül 2021;484.28;483.12
2 Eylül 2021;483.36;481.36
3 Eylül 2021;481.65;488.61
4 Eylül 2021;481.65;487.97
6 Eylül 2021;488.14;485.2
7 Eylül 2021;485.24;481.59
8 Eylül 2021;481.67;486.66
9 Eylül 2021;487.15;486.79
10 Eylül 2021;486.85;485.92
11 Eylül 2021;486.85;486
13 Eylül 2021;487.1;485.83
14 Eylül 2021;486.08;489.32
15 Eylül 2021;489.34;486.04
16 Eylül 2021;485.97;480.47
17 Eylül 2021;480.55;487.78
20 Eylül 2021;487.81;491.33
21 Eylül 2021;491.45;492.26
22 Eylül 2021;492.1;491.88
23 Eylül 2021;491.55;490.8
24 Eylül 2021;491.32;499.21
25 Eylül 2021;491.32;498.96
27 Eylül 2021;498.46;496.16
28 Eylül 2021;496.4;494.31
29 Eylül 2021;494.31;494.53
30 Eylül 2021;494.44;501.76
1 Ekim 2021;501.66;500.9
2 Ekim 2021;501.66;501.36
4 Ekim 2021;501.34;503.44
5 Ekim 2021;503.67;501.8
6 Ekim 2021;502.02;502.71
7 Ekim 2021;503.22;500.84
8 Ekim 2021;501.07;505.79
9 Ekim 2021;501.07;505.75
11 Ekim 2021;506.69;507.67
12 Ekim 2021;507.64;511.39
13 Ekim 2021;511.72;523.61
14 Ekim 2021;523.48;530.25
15 Ekim 2021;529.69;525.98
16 Ekim 2021;529.69;526.27
18 Ekim 2021;526.27;529.42
19 Ekim 2021;529.92;528.53
20 Ekim 2021;528.69;527.43
21 Ekim 2021;527.82;544.96
22 Ekim 2021;544.72;553.43
23 Ekim 2021;544.72;553.41
25 Ekim 2021;553.38;557.13
26 Ekim 2021;556.91;549.3
27 Ekim 2021;550.45;547.89
28 Ekim 2021;548.89;551
29 Ekim 2021;550.98;549.85
30 Ekim 2021;550.98;549.84
1 Kasým 2021;550.61;549.81
2 Kasým 2021;549.98;551.97
3 Kasým 2021;551.93;548.49
4 Kasým 2021;548.58;557.55
5 Kasým 2021;558.19;565.34
6 Kasým 2021;558.19;565.8
8 Kasým 2021;566.81;567.5
9 Kasým 2021;567.84;573.31
10 Kasým 2021;573.48;586.29
11 Kasým 2021;586.35;593.21
12 Kasým 2021;593.26;600.05
15 Kasým 2021;599.57;602.87
16 Kasým 2021;602.88;613.8
17 Kasým 2021;613.83;637.96
18 Kasým 2021;637;660.51
19 Kasým 2021;660.44;668.03
22 Kasým 2021;660.58;662.05
23 Kasým 2021;662.3;737.61
24 Kasým 2021;738.32;683.43
25 Kasým 2021;684.14;689.46
26 Kasým 2021;690.81;712.54
29 Kasým 2021;712.3;735.16
30 Kasým 2021;735.11;779.47
1 Aralýk 2021;779.39;761.14
2 Aralýk 2021;761.06;777.51
3 Aralýk 2021;779.31;786.01
4 Aralýk 2021;779.31;787.15
6 Aralýk 2021;784.78;788.74
7 Aralýk 2021;789.51;774.16
8 Aralýk 2021;774.27;784.56
9 Aralýk 2021;785.75;786.37
10 Aralýk 2021;786.98;795.66
11 Aralýk 2021;786.98;795.81
13 Aralýk 2021;795.83;794.67
14 Aralýk 2021;794.36;819.83
15 Aralýk 2021;819.51;846.15
16 Aralýk 2021;846.34;907.23
17 Aralýk 2021;907.33;952.63
18 Aralýk 2021;907.33;953.14
20 Aralýk 2021;960.18;772.66
21 Aralýk 2021;770.76;716.53
22 Aralýk 2021;722.36;707.71
23 Aralýk 2021;702.92;656.58
24 Aralýk 2021;656.59;689.42
27 Aralýk 2021;633.42;673.24
28 Aralýk 2021;674.07;686.62
29 Aralýk 2021;686.63;734.83
30 Aralýk 2021;735.2;769.43
31 Aralýk 2021;769.75;781.24
1 Ocak 2022;769.75;781.23
3 Ocak 2022;787.91;756.3
4 Ocak 2022;757.78;783.44
5 Ocak 2022;782.8;793.96
6 Ocak 2022;795.16;795.54
7 Ocak 2022;795.51;796.92
8 Ocak 2022;795.51;797.27
10 Ocak 2022;800.37;800.7
11 Ocak 2022;800.1;809.14
12 Ocak 2022;808.77;776.83
13 Ocak 2022;776.23;794.81
14 Ocak 2022;796.46;789.27
15 Ocak 2022;796.46;789.58
17 Ocak 2022;790.11;785.97
18 Ocak 2022;786.06;789.31
19 Ocak 2022;788.71;795.76
20 Ocak 2022;795.44;789.76
21 Ocak 2022;790.16;792
22 Ocak 2022;790.16;793.27
24 Ocak 2022;792.61;799.86
25 Ocak 2022;799.78;801.1
26 Ocak 2022;800.65;794.2
27 Ocak 2022;794.55;787.45
28 Ocak 2022;788.07;777.06
29 Ocak 2022;788.07;777.45
31 Ocak 2022;778.08;771.08
1 Ţubat 2022;770.79;774.43
2 Ţubat 2022;775;782.87
3 Ţubat 2022;782.76;787.82
4 Ţubat 2022;787.68;788.33
5 Ţubat 2022;787.68;788.36
7 Ţubat 2022;788.14;796.23
8 Ţubat 2022;796.03;796.69
9 Ţubat 2022;796.22;798.09
10 Ţubat 2022;798.16;793.62
11 Ţubat 2022;793.04;808.43
12 Ţubat 2022;793.04;808.6
14 Ţubat 2022;807.42;818.2
15 Ţubat 2022;818.1;810.18
16 Ţubat 2022;818.48;818.6
17 Ţubat 2022;829.21;829.39
18 Ţubat 2022;829.21;832.57
19 Ţubat 2022;829.21;832.47
20 Ţubat 2022;829.21;832.47
21 Ţubat 2022;837.18;837.71
22 Ţubat 2022;843.58;844.13
23 Ţubat 2022;848.36;848.47
24 Ţubat 2022;855.3;855.64
25 Ţubat 2022;855.3;838.67
26 Ţubat 2022;855.3;838.71
27 Ţubat 2022;0;838.71
28 Ţubat 2022;850.35;850.22
1 Mart 2022;868.96;869.22
2 Mart 2022;872.72;871.98
3 Mart 2022;879.77;879.49
4 Mart 2022;879.77;899.4
5 Mart 2022;879.77;899.24
6 Mart 2022;0;899.24
7 Mart 2022;922.21;922.97
8 Mart 2022;953.93;953.61
9 Mart 2022;938.91;937.83
10 Mart 2022;952.03;953.71
11 Mart 2022;952.03;941.33
12 Mart 2022;0;941.33
13 Mart 2022;0;941.33
14 Mart 2022;928.24;927.29
15 Mart 2022;906.12;906.85
16 Mart 2022;905.23;906.99
17 Mart 2022;917.25;918.52
18 Mart 2022;917.25;913.93
19 Mart 2022;0;913.93
20 Mart 2022;0;913.93
21 Mart 2022;923.03;923.04
22 Mart 2022;916.15;915.97
23 Mart 2022;927.87;926.8
24 Mart 2022;932.66;933.17
25 Mart 2022;932.66;933.9
26 Mart 2022;0;933.9
27 Mart 2022;0;933.9
28 Mart 2022;915.9;916.06
29 Mart 2022;899.11;899.48
30 Mart 2022;911;910.7
31 Mart 2022;913.7;914.02
1 Nisan 2022;913.7;909.14
2 Nisan 2022;0;909.14
3 Nisan 2022;0;909.14
4 Nisan 2022;912.37;912.2
5 Nisan 2022;910.93;910.19
6 Nisan 2022;910.76;910.36
7 Nisan 2022;915.33;915.63
8 Nisan 2022;915.33;923.44
9 Nisan 2022;0;923.44
10 Nisan 2022;0;923.44
11 Nisan 2022;921.18;921.15
12 Nisan 2022;922.15;923.3
13 Nisan 2022;928.3;928.22
14 Nisan 2022;927.03;926.85
15 Nisan 2022;927.03;929.18
16 Nisan 2022;0;929.18
17 Nisan 2022;0;929.18
18 Nisan 2022;931.36;931.4
19 Nisan 2022;918.9;918.66
20 Nisan 2022;923.38;923.58
21 Nisan 2022;922.55;922.56
22 Nisan 2022;922.55;915.67
23 Nisan 2022;0;915.67
24 Nisan 2022;0;915.67
25 Nisan 2022;901.79;901.21
26 Nisan 2022;906.36;906.79
27 Nisan 2022;897.75;898.06
28 Nisan 2022;900.46;901.02
29 Nisan 2022;900.46;905.75
30 Nisan 2022;0;905.75
1 Mayýs 2022;0;905.75
2 Mayýs 2022;891.19;891.33
3 Mayýs 2022;889.95;888.96
4 Mayýs 2022;890.03;891.32
5 Mayýs 2022;897.24;897.01
6 Mayýs 2022;897.24;905.21
7 Mayýs 2022;897.24;905.21
8 Mayýs 2022;897.24;905.21
9 Mayýs 2022;899.28;899.43
10 Mayýs 2022;902.5;901.27
11 Mayýs 2022;911.86;911.4
12 Mayýs 2022;899.62;899.52
13 Mayýs 2022;899.62;901.95
14 Mayýs 2022;899.62;901.82
15 Mayýs 2022;0;901.82
16 Mayýs 2022;902.35;912.12
17 Mayýs 2022;928.43;928.25
18 Mayýs 2022;930.67;930.17
19 Mayýs 2022;940.6;940.6
20 Mayýs 2022;940.6;944.01
21 Mayýs 2022;940.6;942.56
22 Mayýs 2022;940.6;942.56
23 Mayýs 2022;948.82;949.49
24 Mayýs 2022;966.23;965.67
25 Mayýs 2022;974.88;975.14
26 Mayýs 2022;972.64;972.28
27 Mayýs 2022;972.64;965.07
28 Mayýs 2022;972.64;965.28
29 Mayýs 2022;0;965.28
30 Mayýs 2022;977.94;977.57
31 Mayýs 2022;969.42;969.2
1 Haziran 2022;973.26;973.35
2 Haziran 2022;989.01;989.05
3 Haziran 2022;989.01;977.28
4 Haziran 2022;989.01;977.2
6 Haziran 2022;980.79;981.43
7 Haziran 2022;997.88;997.97
8 Haziran 2022;1.021.04;1.021.09
9 Haziran 2022;1.019.81;1.017.93
10 Haziran 2022;1.019.81;1.030.70
11 Haziran 2022;1.019.81;1.029.96
12 Haziran 2022;0;1.029.96
13 Haziran 2022;1.009.57;1.008.99
14 Haziran 2022;1.004.00;1.003.64
15 Haziran 2022;1.015.88;1.016.50
16 Haziran 2022;1.032.99;1.032.88
17 Haziran 2022;1.032.99;1.023.92
18 Haziran 2022;1.032.99;1.024.88
19 Haziran 2022;1.032.99;1.024.88
20 Haziran 2022;1.024.65;1.024.09
21 Haziran 2022;1.021.33;1.021.80
22 Haziran 2022;1.023.67;1.024.59
23 Haziran 2022;1.015.83;1.016.79
24 Haziran 2022;1.015.83;992.34
25 Haziran 2022;1.015.83;992.1
26 Haziran 2022;0;992.1
27 Haziran 2022;968.08;970.11
28 Haziran 2022;975.6;975.47
29 Haziran 2022;972.92;972.94
30 Haziran 2022;969.92;969.97
1 Temmuz 2022;969.92;974.65
2 Temmuz 2022;969.92;976.05
3 Temmuz 2022;0;976.05
4 Temmuz 2022;977.79;978.05
5 Temmuz 2022;962.54;964.12
6 Temmuz 2022;962.76;963.24
7 Temmuz 2022;965.24;966.29
8 Temmuz 2022;965.24;968.72
9 Temmuz 2022;965.24;967.98
10 Temmuz 2022;965.24;967.98
11 Temmuz 2022;967.99;967.65
12 Temmuz 2022;960.08;959.65
13 Temmuz 2022;970.97;971.26
14 Temmuz 2022;958.84;958.76
15 Temmuz 2022;958.84;955.58
16 Temmuz 2022;958.84;955.87
17 Temmuz 2022;958.84;955.87
18 Temmuz 2022;959.6;958.6
19 Temmuz 2022;965.71;965.88
20 Temmuz 2022;960.23;960.47
21 Temmuz 2022;979.09;979.04
22 Temmuz 2022;979.09;985.23
23 Temmuz 2022;979.09;984.99
24 Temmuz 2022;0;984.99
25 Temmuz 2022;983.33;984.19
26 Temmuz 2022;985.87;985.67
27 Temmuz 2022;997.32;997.35
28 Temmuz 2022;1.012.91;1.011.59
29 Temmuz 2022;1.012.91;1.017.21
30 Temmuz 2022;1.012.91;1.017.60
31 Temmuz 2022;0;1.017.60
1 Ađustos 2022;1.019.85;1.019.37
2 Ađustos 2022;1.016.22;1.015.94
3 Ađustos 2022;1.017.95;1.017.82
4 Ađustos 2022;1.031.05;1.032.38
5 Ađustos 2022;1.031.05;1.022.52
6 Ađustos 2022;1.031.05;1.022.97
8 Ađustos 2022;1.031.25;1.031.60
9 Ađustos 2022;1.033.56;1.034.13
10 Ađustos 2022;1.030.26;1.029.78
11 Ađustos 2022;1.032.51;1.032.97
12 Ađustos 2022;1.032.51;1.039.36
13 Ađustos 2022;1.032.51;1.039.38
14 Ađustos 2022;1.032.51;1.039.38
15 Ađustos 2022;1.027.96;1.027.95
16 Ađustos 2022;1.022.93;1.023.76
17 Ađustos 2022;1.017.02;1.016.90
18 Ađustos 2022;1.021.48;1.021.55
19 Ađustos 2022;1.021.48;1.016.25
20 Ađustos 2022;1.021.48;1.016.26
21 Ađustos 2022;1.021.48;1.016.26
22 Ađustos 2022;1.007.60;1.008.64
23 Ađustos 2022;1.017.78;1.017.64
24 Ađustos 2022;1.021.61;1.021.51
25 Ađustos 2022;1.027.15;1.027.20
26 Ađustos 2022;1.027.15;1.015.86
27 Ađustos 2022;1.027.15;1.015.90
28 Ađustos 2022;1.027.15;1.015.90
29 Ađustos 2022;1.015.84;1.016.07
30 Ađustos 2022;1.007.09;1.008.29
31 Ađustos 2022;1.000.77;1.000.64
1 Eylül 2022;992.79;993.58
2 Eylül 2022;992.79;1.002.70
3 Eylül 2022;992.79;1.002.68
4 Eylül 2022;0;1.002.68
5 Eylül 2022;1.001.82;1.001.83
6 Eylül 2022;997.4;997.5
7 Eylül 2022;1.007.11;1.006.96
8 Eylül 2022;1.001.52;1.001.87
9 Eylül 2022;1.001.52;1.007.13
10 Eylül 2022;1.001.52;1.007.11
11 Eylül 2022;1.001.52;1.007.11
12 Eylül 2022;1.010.94;1.010.97
13 Eylül 2022;998.99;998.85
14 Eylül 2022;995.49;995.59
15 Eylül 2022;977.9;977.7
16 Eylül 2022;977.9;983.58
17 Eylül 2022;977.9;983.47
18 Eylül 2022;977.9;983.47
19 Eylül 2022;984.61;984.96
20 Eylül 2022;979.99;980.12
21 Eylül 2022;986.55;986.66
22 Eylül 2022;983.84;984.57
23 Eylül 2022;983.84;973.12
24 Eylül 2022;983.84;973.15
25 Eylül 2022;983.84;973.15
26 Eylül 2022;962.99;963.36
27 Eylül 2022;965.91;965.92
28 Eylül 2022;987.51;988.09
29 Eylül 2022;987.9;987.73
30 Eylül 2022;987.9;987.97
1 Ekim 2022;987.9;988.22
2 Ekim 2022;987.9;988.22
3 Ekim 2022;1.013.88;1.013.88
4 Ekim 2022;1.030.44;1.031.60
5 Ekim 2022;1.025.35;1.025.53
6 Ekim 2022;1.023.08;1.022.98
7 Ekim 2022;1.023.08;1.012.86
8 Ekim 2022;1.023.08;1.014.53
9 Ekim 2022;1.023.08;1.014.53
10 Ekim 2022;996.64;996.64
11 Ekim 2022;995.94;995.86
12 Ekim 2022;998.84;998.52
13 Ekim 2022;994.39;994.31
14 Ekim 2022;994.39;981.8
15 Ekim 2022;994.39;981.97
16 Ekim 2022;0;981.97
17 Ekim 2022;986.4;986.05
18 Ekim 2022;987.38;987.37
19 Ekim 2022;973.2;973.31
20 Ekim 2022;973.28;973.13
21 Ekim 2022;973.28;991.19
22 Ekim 2022;973.28;990.47
23 Ekim 2022;973.28;990.47
24 Ekim 2022;986.3;986.75
25 Ekim 2022;988.34;988.79
26 Ekim 2022;995.37;995.65
27 Ekim 2022;994.34;994.54
28 Ekim 2022;994.34;983.18
29 Ekim 2022;994.34;982.72
30 Ekim 2022;994.34;982.72
31 Ekim 2022;976.94;977.19
1 Kasým 2022;984.63;983.86
2 Kasým 2022;979.46;979.63
3 Kasým 2022;975.37;975.58
4 Kasým 2022;975.37;1.003.61
5 Kasým 2022;975.37;1.004.00
6 Kasým 2022;0;1.004.00
7 Kasým 2022;995.39;994.39
8 Kasým 2022;1.020.11;1.019.84
9 Kasým 2022;1.018.02;1.018.79
10 Kasým 2022;1.043.49;1.043.72
11 Kasým 2022;1.043.49;1.054.39
12 Kasým 2022;1.043.49;1.054.17
13 Kasým 2022;0;1.054.17
14 Kasým 2022;1.060.01;1.059.96
15 Kasým 2022;1.063.49;1.063.45
16 Kasým 2022;1.060.05;1.060.51
17 Kasým 2022;1.053.02;1.053.12
18 Kasým 2022;1.053.02;1.046.80
19 Kasým 2022;1.053.02;1.046.41
20 Kasým 2022;1.053.02;1.046.41
21 Kasým 2022;1.040.74;1.041.28
22 Kasým 2022;1.041.37;1.041.47
23 Kasým 2022;1.047.88;1.047.98
24 Kasým 2022;1.047.88;1.051.76
25 Kasým 2022;1.051.88;1.051.56
26 Kasým 2022;1.051.88;1.051.84
27 Kasým 2022;0;1.051.84
28 Kasým 2022;1.042.20;1.042.10
29 Kasým 2022;1.047.86;1.047.81
30 Kasým 2022;1.060.36;1.060.35
1 Aralýk 2022;1.080.36;1.080.56
2 Aralýk 2022;1.080.36;1.076.97
3 Aralýk 2022;1.080.36;1.077.07
4 Aralýk 2022;1.080.36;1.077.07
5 Aralýk 2022;1.058.80;1.059.03
6 Aralýk 2022;1.061.42;1.061.53
7 Aralýk 2022;1.070.76;1.070.85
8 Aralýk 2022;1.072.11;1.072.13
9 Aralýk 2022;1.072.11;1.076.13
10 Aralýk 2022;1.072.11;1.075.92
11 Aralýk 2022;1.072.11;1.075.92
12 Aralýk 2022;1.066.80;1.066.74
13 Aralýk 2022;1.085.19;1.085.18
14 Aralýk 2022;1.081.90;1.081.66
15 Aralýk 2022;1.065.08;1.065.42
16 Aralýk 2022;1.065.08;1.074.92
17 Aralýk 2022;1.065.08;1.074.86
19 Aralýk 2022;1.071.50;1.071.72
20 Aralýk 2022;1.090.16;1.090.46
21 Aralýk 2022;1.088.60;1.088.96
22 Aralýk 2022;1.075.03;1.074.96
23 Aralýk 2022;1.075.03;1.079.03
24 Aralýk 2022;1.075.03;1.079.77
25 Aralýk 2022;0;1.079.77
26 Aralýk 2022;1.080.25;1.079.44
27 Aralýk 2022;1.088.60;1.088.69
28 Aralýk 2022;1.085.81;1.085.73
29 Aralýk 2022;1.091.55;1.091.72
30 Aralýk 2022;1.091.55;1.096.73
31 Aralýk 2022;1.091.55;1.096.59
1 Ocak 2023;1.091.55;1.096.58
2 Ocak 2023;1.096.63;1.097.63
3 Ocak 2023;1.105.97;1.106.20
4 Ocak 2023;1.117.91;1.117.98
5 Ocak 2023;1.106.06;1.105.97
6 Ocak 2023;1.106.06;1.123.45
7 Ocak 2023;1.106.06;1.122.87
9 Ocak 2023;1.129.02;1.129.19
10 Ocak 2023;1.133.79;1.133.87
11 Ocak 2023;1.132.71;1.132.87
12 Ocak 2023;1.146.37;1.146.68
13 Ocak 2023;1.146.37;1.160.15
14 Ocak 2023;1.146.37;1.160.11
15 Ocak 2023;1.146.37;1.159.98
16 Ocak 2023;1.158.25;1.158.25
17 Ocak 2023;1.152.15;1.152.06
18 Ocak 2023;1.150.84;1.150.85
19 Ocak 2023;1.168.20;1.167.86
20 Ocak 2023;1.168.20;1.165.18
21 Ocak 2023;1.168.20;1.165.45
22 Ocak 2023;1.168.20;1.165.45
23 Ocak 2023;1.167.84;1.167.90
24 Ocak 2023;1.171.18;1.171.08
25 Ocak 2023;1.175.90;1.176.49
26 Ocak 2023;1.166.49;1.166.61
27 Ocak 2023;1.166.49;1.164.73
28 Ocak 2023;1.166.49;1.164.91
29 Ocak 2023;1.166.49;1.164.91
30 Ocak 2023;1.161.47;1.161.42
31 Ocak 2023;1.165.78;1.166.42
1 Ţubat 2023;1.180.80;1.181.02
2 Ţubat 2023;1.155.96;1.156.49
3 Ţubat 2023;1.155.96;1.128.50
4 Ţubat 2023;1.155.96;1.128.47
5 Ţubat 2023;1.155.96;1.128.47
6 Ţubat 2023;1.131.56;1.131.56
7 Ţubat 2023;1.131.96;1.132.22
8 Ţubat 2023;1.135.23;1.135.27
9 Ţubat 2023;1.126.28;1.126.51
10 Ţubat 2023;1.126.28;1.129.00
11 Ţubat 2023;1.126.28;1.128.82
12 Ţubat 2023;0;1.128.82
13 Ţubat 2023;1.123.45;1.123.57
14 Ţubat 2023;1.123.69;1.124.03
15 Ţubat 2023;1.113.94;1.113.78
16 Ţubat 2023;1.113.08;1.113.51
17 Ţubat 2023;1.113.08;1.116.85
18 Ţubat 2023;1.113.08;1.117.06
19 Ţubat 2023;1.113.08;1.117.06
20 Ţubat 2023;1.117.00;1.117.02
21 Ţubat 2023;1.113.24;1.113.13
22 Ţubat 2023;1.106.92;1.107.32
23 Ţubat 2023;1.106.66;1.106.53
24 Ţubat 2023;1.106.66;1.099.29
25 Ţubat 2023;1.106.66;1.099.08
26 Ţubat 2023;1.106.66;1.099.08
27 Ţubat 2023;1.103.58;1.103.73
28 Ţubat 2023;1.109.37;1.109.06
1 Mart 2023;1.115.52;1.115.63
2 Mart 2023;1.115.78;1.115.55
3 Mart 2023;1.115.78;1.126.73
4 Mart 2023;1.115.78;1.126.84
5 Mart 2023;1.115.78;1.126.84
6 Mart 2023;1.121.88;1.121.89
7 Mart 2023;1.103.72;1.103.44
8 Mart 2023;1.104.90;1.104.06
9 Mart 2023;1.115.81;1.115.73
10 Mart 2023;1.115.81;1.140.29
11 Mart 2023;1.115.81;1.140.37
13 Mart 2023;1.166.45;1.167.04
14 Mart 2023;1.161.77;1.161.66
15 Mart 2023;1.171.37;1.171.63
16 Mart 2023;1.172.71;1.172.41
17 Mart 2023;1.172.71;1.215.97
18 Mart 2023;1.172.71;1.216.37
20 Mart 2023;1.209.55;1.209.08
21 Mart 2023;1.187.45;1.186.72
22 Mart 2023;1.205.51;1.206.09
23 Mart 2023;1.220.09;1.219.88
24 Mart 2023;1.220.09;1.212.61
27 Mart 2023;1.200.79;1.201.05
28 Mart 2023;1.213.34;1.213.15
29 Mart 2023;1.208.68;1.208.21
30 Mart 2023;1.220.49;1.220.16
31 Mart 2023;1.220.49;1.214.37
3 Nisan 2023;1.224.74;1.224.03
4 Nisan 2023;1.249.13;1.248.75
5 Nisan 2023;1.250.55;1.250.23
6 Nisan 2023;1.242.31;1.242.55
7 Nisan 2023;1.242.31;1.242.24
10 Nisan 2023;1.234.01;1.233.79
11 Nisan 2023;1.243.35;1.242.63
12 Nisan 2023;1.251.39;1.251.23
13 Nisan 2023;1.268.31;1.267.29
14 Nisan 2023;1.268.31;1.246.95
17 Nisan 2023;1.243.66;1.243.76
18 Nisan 2023;1.250.59;1.250.10
19 Nisan 2023;1.244.16;1.243.99
20 Nisan 2023;1.250.79;1.249.67
21 Nisan 2023;1.250.79;1.237.73
24 Nisan 2023;1.240.75;1.240.83
25 Nisan 2023;1.247.35;1.247.53
26 Nisan 2023;1.242.28;1.241.86
27 Nisan 2023;1.242.53;1.242.05
28 Nisan 2023;1.242.53;1.244.69
1 Mayýs 2023;1.240.16;1.239.09
2 Mayýs 2023;1.262.15;1.262.02
3 Mayýs 2023;1.275.60;1.276.71
4 Mayýs 2023;1.284.84;1.284.81
5 Mayýs 2023;1.284.84;1.266.25
8 Mayýs 2023;1.267.52;1.267.28
9 Mayýs 2023;1.276.73;1.276.27
10 Mayýs 2023;1.275.07;1.275.51
11 Mayýs 2023;1.266.67;1.265.75
12 Mayýs 2023;1.266.67;1.265.12
15 Mayýs 2023;1.274.51;1.274.40
16 Mayýs 2023;1.261.43;1.261.38
17 Mayýs 2023;1.259.27;1.259.00
18 Mayýs 2023;1.245.88;1.245.81
19 Mayýs 2023;1.245.88;1.260.46
22 Mayýs 2023;1.256.33;1.256.90
23 Mayýs 2023;1.260.32;1.260.59
24 Mayýs 2023;1.252.33;1.251.84
25 Mayýs 2023;1.244.35;1.243.92
26 Mayýs 2023;1.244.35;1.249.93
29 Mayýs 2023;1.256.50;1.255.08
30 Mayýs 2023;1.287.82;1.291.25
31 Mayýs 2023;1.310.79;1.311.53
1 Haziran 2023;1.323.38;1.322.86
2 Haziran 2023;1.323.38;1.313.16
5 Haziran 2023;1.342.01;1.340.94
6 Haziran 2023;1.361.18;1.361.73
7 Haziran 2023;1.450.27;1.450.71
8 Haziran 2023;1.461.78;1.461.04
9 Haziran 2023;1.461.78;1.474.46
12 Haziran 2023;1.487.33;1.486.47
13 Haziran 2023;1.476.65;1.476.91
14 Haziran 2023;1.470.04;1.471.55
15 Haziran 2023;1.489.56;1.488.72
16 Haziran 2023;1.489.56;1.486.42
19 Haziran 2023;1.480.93;1.478.44
20 Haziran 2023;1.467.29;1.466.87
21 Haziran 2023;1.464.40;1.464.35
22 Haziran 2023;1.531.10;1.530.67
23 Haziran 2023;1.531.10;1.559.53
26 Haziran 2023;1.603.82;1.601.81
27 Haziran 2023;1.599.88;1.598.51
28 Haziran 2023;1.596.27;1.596.71
29 Haziran 2023;1.597.72;1.596.48
30 Haziran 2023;1.597.72;1.597.99
3 Temmuz 2023;1.601.10;1.601.70
4 Temmuz 2023;1.608.11;1.608.21
5 Temmuz 2023;1.605.87;1.605.33
6 Temmuz 2023;1.605.87;1.598.18
7 Temmuz 2023;1.602.61;1.612.21
10 Temmuz 2023;1.615.39;1.615.62
11 Temmuz 2023;1.622.30;1.621.08
12 Temmuz 2023;1.643.93;1.644.31
13 Temmuz 2023;1.641.67;1.640.90
14 Temmuz 2023;1.641.67;1.642.76
17 Temmuz 2023;1.655.67;1.655.82
18 Temmuz 2023;1.712.46;1.712.68
19 Temmuz 2023;1.701.28;1.703.25
20 Temmuz 2023;1.694.53;1.694.66
21 Temmuz 2023;1.694.53;1.701.33
24 Temmuz 2023;1.695.93;1.694.05
25 Temmuz 2023;1.700.34;1.700.08
26 Temmuz 2023;1.706.52;1.706.45
27 Temmuz 2023;1.684.46;1.683.88
28 Temmuz 2023;1.684.46;1.693.14
31 Temmuz 2023;1.700.91;1.700.40
1 Ađustos 2023;1.684.19;1.683.85
2 Ađustos 2023;1.677.22;1.674.36
3 Ađustos 2023;1.676.52;1.676.29
4 Ađustos 2023;1.676.52;1.681.49
7 Ađustos 2023;1.680.12;1.676.80
8 Ađustos 2023;1.669.21;1.670.23
9 Ađustos 2023;1.662.34;1.661.44
10 Ađustos 2023;1.660.36;1.659.95
11 Ađustos 2023;1.660.36;1.659.56
14 Ađustos 2023;1.657.35;1.656.13
15 Ađustos 2023;1.653.95;1.654.59
16 Ađustos 2023;1.646.69;1.644.90
17 Ađustos 2023;1.644.93;1.645.10
18 Ađustos 2023;1.644.93;1.644.53
21 Ađustos 2023;1.653.59;1.653.72
22 Ađustos 2023;1.657.86;1.658.57
23 Ađustos 2023;1.674.57;1.674.49
24 Ađustos 2023;1.585.85;1.588.35
25 Ađustos 2023;1.585.85;1.633.82
28 Ađustos 2023;1.635.62;1.633.90
29 Ađustos 2023;1.652.82;1.652.03
30 Ađustos 2023;1.666.49;1.666.41
31 Ađustos 2023;1.664.00;1.664.90
1 Eylül 2023;1.664.00;1.665.01
4 Eylül 2023;1.668.13;1.667.77
5 Eylül 2023;1.657.28;1.657.42
6 Eylül 2023;1.652.54;1.652.50
7 Eylül 2023;1.654.87;1.655.04
8 Eylül 2023;1.654.87;1.655.92
11 Eylül 2023;1.660.98;1.660.76
12 Eylül 2023;1.653.08;1.651.30
13 Eylül 2023;1.653.06;1.651.97
14 Eylül 2023;1.654.18;1.655.40
15 Eylül 2023;1.654.18;1.669.39
18 Eylül 2023;1.679.69;1.679.88
19 Eylül 2023;1.677.77;1.677.44
20 Eylül 2023;1.676.79;1.675.53
21 Eylül 2023;1.675.84;1.673.18
22 Eylül 2023;1.675.84;1.680.29
25 Eylül 2023;1.676.31;1.676.06
26 Eylül 2023;1.663.37;1.663.77
27 Eylül 2023;1.621.36;1.622.24
28 Eylül 2023;1.642.22;1.637.86
29 Eylül 2023;1.642.22;1.627.65
2 Ekim 2023;1.614.39;1.612.40
3 Ekim 2023;1.609.49;1.610.61
4 Ekim 2023;1.614.46;1.612.19
5 Ekim 2023;1.611.69;1.612.64
6 Ekim 2023;1.611.69;1.625.44
9 Ekim 2023;1.656.56;1.657.34
10 Ekim 2023;1.658.45;1.657.77
11 Ekim 2023;1.670.46;1.667.74
12 Ekim 2023;1.666.37;1.666.21
13 Ekim 2023;1.666.37;1.725.74
16 Ekim 2023;1.716.86;1.717.18
17 Ekim 2023;1.728.57;1.728.07
18 Ekim 2023;1.752.26;1.751.44
19 Ekim 2023;1.776.00;1.773.31
20 Ekim 2023;1.776.00;1.780.41
23 Ekim 2023;1.781.04;1.781.65
24 Ekim 2023;1.781.14;1.779.28
25 Ekim 2023;1.789.93;1.788.00
26 Ekim 2023;1.797.14;1.795.52
27 Ekim 2023;1.797.14;1.817.19
30 Ekim 2023;1.814.02;1.811.22
31 Ekim 2023;1.805.73;1.805.11
1 Kasým 2023;1.804.73;1.804.97
2 Kasým 2023;1.809.37;1.808.43
3 Kasým 2023;1.809.37;1.818.47
6 Kasým 2023;1.808.54;1.808.13
7 Kasým 2023;1.803.70;1.803.58
8 Kasým 2023;1.783.47;1.783.34
9 Kasým 2023;1.791.24;1.791.20
10 Kasým 2023;1.791.24;1.777.26
13 Kasým 2023;1.789.51;1.789.67
14 Kasým 2023;1.807.92;1.807.95
15 Kasým 2023;1.806.56;1.806.82
16 Kasým 2023;1.825.85;1.825.22
17 Kasým 2023;1.825.85;1.826.46
20 Kasým 2023;1.826.89;1.827.67
21 Kasým 2023;1.849.50;1.849.76
22 Kasým 2023;1.845.79;1.845.90
23 Kasým 2023;1.844.60;1.847.45
24 Kasým 2023;1.844.60;1.858.22
27 Kasým 2023;1.871.03;1.872.25
28 Kasým 2023;1.897.28;1.897.27
29 Kasým 2023;1.900.97;1.901.95
30 Kasým 2023;1.889.50;1.890.43
1 Aralýk 2023;1.889.50;1.924.11
4 Aralýk 2023;1.884.61;1.884.21
5 Aralýk 2023;1.874.47;1.875.10
6 Aralýk 2023;1.883.90;1.883.63
7 Aralýk 2023;1.886.92;1.886.85
8 Aralýk 2023;1.886.92;1.866.62
11 Aralýk 2023;1.846.56;1.846.69
12 Aralýk 2023;1.845.52;1.845.62
13 Aralýk 2023;1.883.97;1.885.60
14 Aralýk 2023;1.895.89;1.896.36
15 Aralýk 2023;1.895.89;1.880.55
18 Aralýk 2023;1.893.59;1.893.56
19 Aralýk 2023;1.908.54;1.908.44
20 Aralýk 2023;1.908.54;1.901.12
21 Aralýk 2023;1.915.98;1.915.88
22 Aralýk 2023;1.915.98;1.928.59
25 Aralýk 2023;1.925.49;1.924.45
26 Aralýk 2023;1.937.46;1.946.94
27 Aralýk 2023;1.964.03;1.963.66
28 Aralýk 2023;1.955.57;1.955.34
29 Aralýk 2023;1.955.57;1.961.76
1 Ocak 2024;1.957.61;1.957.61
2 Ocak 2024;1.967.76;1.967.70
3 Ocak 2024;1.954.09;1.953.47
4 Ocak 2024;1.954.84;1.954.97
5 Ocak 2024;1.954.84;1.961.02
8 Ocak 2024;1.947.29;1.947.23
9 Ocak 2024;1.951.94;1.951.78
10 Ocak 2024;1.948.53;1.949.24
11 Ocak 2024;1.955.33;1.955.15
12 Ocak 2024;1.955.33;1.981.47
15 Ocak 2024;1.988.52;1.989.24
16 Ocak 2024;1.963.31;1.963.03
17 Ocak 2024;1.943.46;1.943.41
18 Ocak 2024;1.959.81;1.959.61
19 Ocak 2024;1.959.81;1.969.85
22 Ocak 2024;1.965.72;1.965.97
23 Ocak 2024;1.970.54;1.970.84
24 Ocak 2024;1.955.67;1.956.02
25 Ocak 2024;1.963.51;1.964.80
26 Ocak 2024;1.963.51;1.953.68
29 Ocak 2024;1.982.74;1.983.13
30 Ocak 2024;1.986.72;1.986.86
31 Ocak 2024;1.984.12;1.984.64
1 Ţubat 2024;2.004.55;2.004.86
2 Ţubat 2024;2.004.55;1.996.20
5 Ţubat 2024;1.989.72;1.989.27
6 Ţubat 2024;1.999.89;1.999.84
7 Ţubat 2024;2.001.64;2.000.85
8 Ţubat 2024;1.999.65;1.999.58
9 Ţubat 2024;1.999.65;1.997.32
12 Ţubat 2024;1.995.02;1.994.75
13 Ţubat 2024;1.967.38;1.967.22
14 Ţubat 2024;1.967.92;1.968.23
15 Ţubat 2024;1.979.84;1.980.11
16 Ţubat 2024;1.979.84;1.995.21
19 Ţubat 2024;2.000.24;1.999.03
20 Ţubat 2024;2.012.04;2.011.95
21 Ţubat 2024;2.018.22;2.018.12
22 Ţubat 2024;2.016.97;2.017.05
23 Ţubat 2024;2.016.97;2.032.57
26 Ţubat 2024;2.032.36;2.032.31
27 Ţubat 2024;2.033.10;2.032.90
28 Ţubat 2024;2.040.55;2.040.37
29 Ţubat 2024;2.052.93;2.052.61
1 Mart 2024;2.052.93;2.100.98
4 Mart 2024;2.148.80;2.148.76
5 Mart 2024;2.163.13;2.162.95
6 Mart 2024;2.192.46;2.193.05
7 Mart 2024;2.207.03;2.208.41
8 Mart 2024;2.207.03;2.234.01
11 Mart 2024;2.246.98;2.247.63
12 Mart 2024;2.225.57;2.225.08
13 Mart 2024;2.241.56;2.240.11
14 Mart 2024;2.234.63;2.234.10
15 Mart 2024;2.234.63;2.227.09
18 Mart 2024;2.243.42;2.244.08
19 Mart 2024;2.244.83;2.244.77
20 Mart 2024;2.272.86;2.275.80
21 Mart 2024;2.242.97;2.246.73
22 Mart 2024;2.242.97;2.225.80
25 Mart 2024;2.244.37;2.243.37
26 Mart 2024;2.253.75;2.254.28
27 Mart 2024;2.276.91;2.277.16
28 Mart 2024;2.320.34;2.321.16
29 Mart 2024;2.320.34;2.327.74
1 Nisan 2024;2.335.93;2.333.49
2 Nisan 2024;2.350.85;2.349.79
3 Nisan 2024;2.363.41;2.363.49
4 Nisan 2024;2.350.15;2.349.66
5 Nisan 2024;2.350.15;2.398.41
8 Nisan 2024;2.407.51;2.406.75
9 Nisan 2024;2.438.99;2.437.55
10 Nisan 2024;2.438.99;2.423.45
11 Nisan 2024;2.459.76;2.462.28
12 Nisan 2024;2.459.76;2.438.65
15 Nisan 2024;2.483.55;2.483.89
16 Nisan 2024;2.483.55;2.490.88
17 Nisan 2024;2.482.04;2.459.86
18 Nisan 2024;0;2.486.97
19 Nisan 2024;2.487.37;2.499.53
22 Nisan 2024;2.498.01;2.431.34
23 Nisan 2024;2.432.82;2.430.12
24 Nisan 2024;2.430.16;2.423.18
25 Nisan 2024;2.422.06;2.436.05
26 Nisan 2024;2.437.81;2.438.67
29 Nisan 2024;2.438.67;2.436.11
30 Nisan 2024;2.440.14;2.380.73
1 Mayýs 2024;2.380.82;2.422.72
2 Mayýs 2024;2.422.67;2.396.95
3 Mayýs 2024;2.397.04;2.393.53
6 Mayýs 2024;2.393.69;2.409.28
7 Mayýs 2024;2.408.75;2.398.76
8 Mayýs 2024;2.399.77;2.393.22
9 Mayýs 2024;2.389.34;2.432.58
10 Mayýs 2024;2.435.15;2.444.47
13 Mayýs 2024;2.446.49;2.424.95
14 Mayýs 2024;2.424.71;2.446.30
15 Mayýs 2024;2.446.33;2.467.75
16 Mayýs 2024;2.467.55;2.466.23
17 Mayýs 2024;2.465.85;2.500.70
20 Mayýs 2024;2.503.28;2.510.40
21 Mayýs 2024;2.508.02;2.504.32
22 Mayýs 2024;2.500.98;2.460.92
23 Mayýs 2024;2.462.22;2.409.90
24 Mayýs 2024;0;2.418.47
27 Mayýs 2024;2.418.51;2.429.40
28 Mayýs 2024;2.429.28;2.446.85
29 Mayýs 2024;2.445.02;2.421.52
30 Mayýs 2024;2.423.13;2.426.89
31 Mayýs 2024;2.424.72;2.412.19
3 Haziran 2024;2.412.41;2.431.83
4 Haziran 2024;2.431.02;2.434.11
5 Haziran 2024;2.437.06;2.439.89
6 Haziran 2024;2.441.77;2.461.73
7 Haziran 2024;2.459.27;2.382.47
10 Haziran 2024;2.382.55;2.401.58
11 Haziran 2024;2.402.75;2.409.29
12 Haziran 2024;2.409.93;2.415.18
13 Haziran 2024;2.413.72;2.391.04
14 Haziran 2024;2.393.73;2.457.99
17 Haziran 2024;2.457.95;2.446.91
18 Haziran 2024;2.445.27;2.435.38
19 Haziran 2024;2.435.24;2.432.59
20 Haziran 2024;2.433.46;2.489.87
21 Haziran 2024;2.489.54;2.450.67
24 Haziran 2024;2.451.20;2.469.41
25 Haziran 2024;2.470.40;2.456.49
26 Haziran 2024;2.456.27;2.424.45
27 Haziran 2024;2.424.99;2.457.30
28 Haziran 2024;2.456.34;2.450.33
1 Temmuz 2024;2.453.29;2.447.73
2 Temmuz 2024;2.447.20;2.436.52
3 Temmuz 2024;2.435.67;2.464.70
4 Temmuz 2024;2.465.42;2.466.00
5 Temmuz 2024;2.467.09;2.511.53
8 Temmuz 2024;2.511.16;2.478.27
9 Temmuz 2024;2.478.32;2.496.74
10 Temmuz 2024;2.496.65;2.500.43
11 Temmuz 2024;2.503.71;2.549.49
12 Temmuz 2024;2.549.52;2.561.47
15 Temmuz 2024;2.561.63;2.568.41
16 Temmuz 2024;2.568.98;2.621.63
17 Temmuz 2024;2.623.89;2.614.32
18 Temmuz 2024;2.613.49;2.599.51
19 Temmuz 2024;2.600.17;2.551.00
22 Temmuz 2024;2.551.08;2.534.69
23 Temmuz 2024;2.535.75;2.544.38
24 Temmuz 2024;2.545.03;2.528.54
25 Temmuz 2024;2.527.28;2.508.40
26 Temmuz 2024;2.505.68;2.529.05
29 Temmuz 2024;2.529.23;2.535.90
30 Temmuz 2024;2.535.81;2.563.67
31 Temmuz 2024;2.565.44;2.608.47
1 Ađustos 2024;2.609.33;2.602.92
2 Ađustos 2024;2.603.01;2.608.81
5 Ađustos 2024;2.609.95;2.584.44
6 Ađustos 2024;2.585.00;2.580.96
7 Ađustos 2024;2.582.14;2.562.24
8 Ađustos 2024;2.561.83;2.613.68
9 Ađustos 2024;2.610.89;2.618.26
12 Ađustos 2024;2.618.31;2.670.35
13 Ađustos 2024;2.669.87;2.657.99
14 Ađustos 2024;2.658.13;2.643.14
15 Ađustos 2024;2.643.72;2.654.97
16 Ađustos 2024;2.656.89;2.716.54
19 Ađustos 2024;2.717.21;2.717.00
20 Ađustos 2024;2.717.65;2.736.87
21 Ađustos 2024;2.738.36;2.734.81
22 Ađustos 2024;2.736.17;2.707.49
23 Ađustos 2024;2.707.50;2.745.10
26 Ađustos 2024;2.745.01;2.751.16
27 Ađustos 2024;2.752.18;2.760.32
28 Ađustos 2024;2.759.84;2.741.18
29 Ađustos 2024;2.743.02;2.762.26
30 Ađustos 2024;0;2.742.20
2 Eylül 2024;2.742.35;2.722.65
3 Eylül 2024;2.721.85;2.724.31
4 Eylül 2024;2.725.10;2.727.10
5 Eylül 2024;2.728.63;2.745.84
6 Eylül 2024;2.746.75;2.728.39
9 Eylül 2024;2.729.02;2.743.55
10 Eylül 2024;2.743.95;2.753.83
11 Eylül 2024;2.751.55;2.742.46
12 Eylül 2024;2.743.61;2.787.24
13 Eylül 2024;2.787.98;2.809.65
16 Eylül 2024;2.807.39;2.825.14
17 Eylül 2024;2.823.08;2.815.88
18 Eylül 2024;2.815.83;2.803.37
19 Eylül 2024;2.803.62;2.827.90
20 Eylül 2024;2.829.29;2.875.03
23 Eylül 2024;2.876.48;2.885.40
24 Eylül 2024;2.884.18;2.914.59
25 Eylül 2024;2.915.32;2.915.49
26 Eylül 2024;2.915.90;2.933.40
27 Eylül 2024;2.934.45;2.920.22
30 Eylül 2024;2.920.31;2.894.38
1 Ekim 2024;0;2.929.50
2 Ekim 2024;2.929.58;2.920.56
3 Ekim 2024;2.923.83;2.915.85
4 Ekim 2024;2.913.08;2.921.56
7 Ekim 2024;2.921.59;2.909.62
8 Ekim 2024;2.910.29;2.888.43
9 Ekim 2024;2.887.06;2.868.90
10 Ekim 2024;2.869.47;2.890.89
11 Ekim 2024;2.888.21;2.928.22
14 Ekim 2024;2.928.26;2.917.45
15 Ekim 2024;2.918.18;2.927.63
16 Ekim 2024;2.927.09;2.936.90
17 Ekim 2024;2.937.45;2.954.53
18 Ekim 2024;0;2.995.42
21 Ekim 2024;2.983.36;2.992.21
22 Ekim 2024;2.992.76;3.028.05
23 Ekim 2024;3.028.04;2.992.79
24 Ekim 2024;2.992.32;3.011.29
25 Ekim 2024;3.011.17;3.029.35
28 Ekim 2024;3.029.28;3.023.93
29 Ekim 2024;3.024.00;3.057.43
30 Ekim 2024;3.056.85;3.070.04
31 Ekim 2024;0;3.021.36
1 Kasým 2024;3.020.75;3.018.55
4 Kasým 2024;3.020.13;3.022.81
5 Kasým 2024;3.023.04;3.023.54
6 Kasým 2024;3.021.18;2.924.46
7 Kasým 2024;2.924.44;2.976.07
8 Kasým 2024;2.976.48;2.968.42
11 Kasým 2024;2.967.15;2.893.61
12 Kasým 2024;2.894.45;2.871.86
13 Kasým 2024;2.873.09;2.842.93
14 Kasým 2024;2.843.33;2.834.34
15 Kasým 2024;2.834.18;2.837.00
18 Kasým 2024;2.831.98;2.899.50
19 Kasým 2024;2.899.96;2.919.34
20 Kasým 2024;2.920.05;2.935.19
21 Kasým 2024;0;2.962.17
22 Kasým 2024;2.962.47;3.005.46
25 Kasým 2024;3.004.74;2.918.05
26 Kasým 2024;2.918.13;2.931.59
27 Kasým 2024;2.931.49;2.937.05
28 Kasým 2024;2.936.80;2.934.72
29 Kasým 2024;2.934.78;2.961.83
2 Aralýk 2024;2.962.33;2.943.47
3 Aralýk 2024;2.943.68;2.950.91
4 Aralýk 2024;2.950.99;2.958.85
5 Aralýk 2024;2.959.03;2.934.73
6 Aralýk 2024;2.934.51;2.942.91
9 Aralýk 2024;2.943.58;2.975.99
10 Aralýk 2024;2.975.98;3.015.56
11 Aralýk 2024;3.015.49;3.046.06
12 Aralýk 2024;3.046.05;3.006.67
13 Aralýk 2024;3.006.53;2.975.32
16 Aralýk 2024;2.974.97;2.980.31
17 Aralýk 2024;2.980.46;2.973.85
18 Aralýk 2024;2.974.00;2.920.20
19 Aralýk 2024;2.920.80;2.929.97
20 Aralýk 2024;2.930.15;2.968.40
23 Aralýk 2024;2.967.78;2.954.54
24 Aralýk 2024;0;2.959.16
25 Aralýk 2024;2.959.28;2.963.23
26 Aralýk 2024;2.963.54;2.977.99
27 Aralýk 2024;2.977.93;2.956.54
30 Aralýk 2024;2.958.50;2.961.71
31 Aralýk 2024;2.961.74;2.983.37
1 Ocak 2025;2.983.35;2.984.70
2 Ocak 2025;2.984.48;3.021.24
3 Ocak 2025;3.021.10;3.000.80
6 Ocak 2025;2.998.82;2.990.51
7 Ocak 2025;2.990.47;3.011.39
8 Ocak 2025;3.011.27;3.026.39
9 Ocak 2025;3.026.56;3.032.51
10 Ocak 2025;3.032.50;3.064.70
13 Ocak 2025;3.064.23;3.037.72
14 Ocak 2025;3.037.69;3.053.10
15 Ocak 2025;3.053.39;3.074.65
16 Ocak 2025;3.074.47;3.093.32
17 Ocak 2025;3.093.43;3.081.85
20 Ocak 2025;3.077.85;3.099.37
21 Ocak 2025;3.099.35;3.141.17
22 Ocak 2025;3.141.04;3.159.38
23 Ocak 2025;3.159.38;3.155.34
24 Ocak 2025;3.155.14;3.178.91
27 Ocak 2025;3.179.30;3.150.67
28 Ocak 2025;3.150.76;3.175.87
29 Ocak 2025;3.176.09;3.170.37
30 Ocak 2025;3.170.56;3.215.72
31 Ocak 2025;3.215.74;3.228.24
3 Ţubat 2025;3.230.09;3.257.66
4 Ţubat 2025;3.258.12;3.286.19
5 Ţubat 2025;3.286.35;3.304.65
6 Ţubat 2025;3.304.48;3.295.78
7 Ţubat 2025;3.296.24;3.308.28
10 Ţubat 2025;3.308.91;3.365.40
11 Ţubat 2025;3.365.07;3.358.05
12 Ţubat 2025;3.357.98;3.367.66
13 Ţubat 2025;3.367.67;3.399.01
14 Ţubat 2025;3.398.77;3.360.84
17 Ţubat 2025;3.359.51;3.377.40
18 Ţubat 2025;3.377.42;3.421.11
19 Ţubat 2025;3.421.50;3.425.78
20 Ţubat 2025;3.426.07;3.429.01
21 Ţubat 2025;3.429.05;3.438.13
24 Ţubat 2025;3.438.80;3.456.90
25 Ţubat 2025;3.456.87;3.413.06
26 Ţubat 2025;3.413.23;3.418.23
27 Ţubat 2025;3.417.77;3.365.85
28 Ţubat 2025;3.366.24;3.349.90
3 Mart 2025;3.351.11;3.377.95
4 Mart 2025;3.386.93;3.418.27
5 Mart 2025;3.418.30;3.422.60
6 Mart 2025;3.421.87;3.404.89
7 Mart 2025;3.404.82;3.412.14
10 Mart 2025;3.413.55;3.395.32
11 Mart 2025;3.395.28;3.430.38
12 Mart 2025;3.430.94;3.451.58
13 Mart 2025;3.452.24;3.518.72
14 Mart 2025;3.518.15;3.516.44
17 Mart 2025;3.516.58;3.536.32
18 Mart 2025;3.536.95;3.580.22
19 Mart 2025;3.580.12;3.705.31
20 Mart 2025;3.718.32;3.702.80
21 Mart 2025;3.701.86;3.679.30
24 Mart 2025;3.679.18;3.677.92
25 Mart 2025;3.677.98;3.687.90
26 Mart 2025;3.687.75;3.688.60
27 Mart 2025;3.688.05;3.731.06
28 Mart 2025;3.731.48;3.768.01
31 Mart 2025;3.768.24;3.811.35
1 Nisan 2025;3.811.64;3.799.58
2 Nisan 2025;3.797.99;3.826.79
3 Nisan 2025;3.826.63;3.796.78
4 Nisan 2025;3.796.89;3.710.58
7 Nisan 2025;3.710.23;3.641.24
8 Nisan 2025;3.641.48;3.635.97
9 Nisan 2025;3.637.77;3.765.11
10 Nisan 2025;3.765.29;3.871.73
11 Nisan 2025;3.871.89;3.959.33
14 Nisan 2025;3.959.50;3.926.67
15 Nisan 2025;3.926.47;3.955.03
16 Nisan 2025;3.956.16;4.098.76
17 Nisan 2025;4.098.76;4.063.43
18 Nisan 2025;4.063.43;4.076.87
21 Nisan 2025;4.076.75;4.209.41
22 Nisan 2025;4.208.91;4.160.82
23 Nisan 2025;4.160.91;4.098.99
24 Nisan 2025;4.099.33;4.129.56
25 Nisan 2025;4.129.56;4.100.03
28 Nisan 2025;4.100.54;4.132.52
29 Nisan 2025;4.132.29;4.105.46
30 Nisan 2025;4.104.34;4.069.86
1 Mayýs 2025;4.070.77;4.003.87
2 Mayýs 2025;4.004.35;4.018.80
5 Mayýs 2025;4.019.21;4.134.18
6 Mayýs 2025;4.134.50;4.265.31
7 Mayýs 2025;4.265.54;4.182.70
8 Mayýs 2025;4.182.70;4.103.89
9 Mayýs 2025;4.103.89;4.143.57
12 Mayýs 2025;4.144.73;4.034.66
13 Mayýs 2025;4.035.28;4.053.59
14 Mayýs 2025;4.053.59;3.961.14
15 Mayýs 2025;3.961.32;4.033.56
16 Mayýs 2025;4.033.42;4.001.01
19 Mayýs 2025;4.001.37;4.029.92
20 Mayýs 2025;4.029.82;4.109.06
21 Mayýs 2025;4.109.06;4.142.89
22 Mayýs 2025;4.143.20;4.123.27
23 Mayýs 2025;4.123.72;4.204.13
26 Mayýs 2025;4.207.50;4.185.94
27 Mayýs 2025;4.186.34;4.137.59
28 Mayýs 2025;4.137.55;4.133.13
29 Mayýs 2025;4.133.01;4.172.07
30 Mayýs 2025;4.172.22;4.148.96
2 Haziran 2025;4.146.56;4.262.77
3 Haziran 2025;4.262.81;4.221.89
4 Haziran 2025;4.221.89;4.247.00
5 Haziran 2025;4.247.00;4.236.92
6 Haziran 2025;4.236.34;4.177.02
9 Haziran 2025;4.177.26;4.198.41
10 Haziran 2025;4.197.14;4.196.79
11 Haziran 2025;4.188.70;4.223.64
12 Haziran 2025;4.224.65;4.284.33
13 Haziran 2025;4.284.33;4.328.32
16 Haziran 2025;4.336.77;4.284.61
17 Haziran 2025;4.284.25;4.301.19
18 Haziran 2025;4.300.70;4.281.14
19 Haziran 2025;4.281.12;4.291.18
20 Haziran 2025;4.292.10;4.297.26
23 Haziran 2025;4.299.76;4.291.04
24 Haziran 2025;4.290.90;4.230.34
25 Haziran 2025;4.230.26;4.259.90
26 Haziran 2025;4.260.30;4.255.99
27 Haziran 2025;4.255.99;4.200.55
30 Haziran 2025;4.200.96;4.228.06
1 Temmuz 2025;4.228.06;4.274.81
2 Temmuz 2025;4.275.99;4.294.76
3 Temmuz 2025;4.294.76;4.259.41
4 Temmuz 2025;4.260.71;4.274.48
7 Temmuz 2025;4.276.04;4.289.22
8 Temmuz 2025;4.289.48;4.250.49
9 Temmuz 2025;4.250.67;4.266.63
10 Temmuz 2025;4.266.76;4.283.32
11 Temmuz 2025;4.284.34;4.335.04
14 Temmuz 2025;4.336.57;4.319.18
15 Temmuz 2025;4.319.34;4.298.06
16 Temmuz 2025;4.297.74;4.332.24
17 Temmuz 2025;4.333.44;4.326.65
18 Temmuz 2025;4.326.71;4.350.44
21 Temmuz 2025;4.350.72;4.411.45
22 Temmuz 2025;4.412.21;4.458.28
23 Temmuz 2025;4.458.31;4.406.16
24 Temmuz 2025;4.406.67;4.413.79
25 Temmuz 2025;4.413.60;4.352.20
28 Temmuz 2025;4.351.91;4.322.59
29 Temmuz 2025;4.321.55;4.340.01
30 Temmuz 2025;4.340.11;4.273.94
31 Temmuz 2025;4.274.28;4.299.60
1 Ađustos 2025;4.299.19;4.395.45
4 Ađustos 2025;4.394.29;4.410.88
5 Ađustos 2025;4.410.92;4.421.37
6 Ađustos 2025;4.421.34;4.402.91
7 Ađustos 2025;4.403.28;4.434.65
8 Ađustos 2025;4.434.26;4.444.48
11 Ađustos 2025;4.443.93;4.375.51
12 Ađustos 2025;4.375.12;4.384.52
13 Ađustos 2025;4.384.52;4.399.73
14 Ađustos 2025;4.399.78;4.378.32
15 Ađustos 2025;4.376.27;4.383.41
18 Ađustos 2025;4.382.42;4.380.65
19 Ađustos 2025;4.380.75;4.386.03
20 Ađustos 2025;4.386.03;4.406.99
21 Ađustos 2025;4.407.08;4.394.58
22 Ađustos 2025;4.395.22;4.443.92
25 Ađustos 2025;4.443.89;4.436.31
26 Ađustos 2025;4.436.30;4.478.38
27 Ađustos 2025;4.478.89;4.482.79
28 Ađustos 2025;4.482.06;4.509.25
29 Ađustos 2025;4.509.50;4.561.39
1 Eylül 2025;4.561.48;4.597.02
2 Eylül 2025;4.597.82;4.674.88
3 Eylül 2025;4.675.00;4.710.81
4 Eylül 2025;4.710.81;4.691.80
5 Eylül 2025;4.691.89;4.758.68
7 Eylül 2025;4.691.89;4.755.62
8 Eylül 2025;4.756.85;4.822.93
9 Eylül 2025;4.823.38;4.810.75
10 Eylül 2025;4.810.66;4.831.36
11 Eylül 2025;4.831.46;4.828.27
12 Eylül 2025;4.828.27;4.845.64
15 Eylül 2025;4.844.55;4.884.83
16 Eylül 2025;4.884.73;4.892.64
17 Eylül 2025;4.892.64;4.857.02
18 Eylül 2025;4.857.04;4.838.29
19 Eylül 2025;4.838.35;4.903.41
22 Eylül 2025;4.904.83;4.983.51
23 Eylül 2025;4.983.55;5.009.45
24 Eylül 2025;5.009.55;4.978.88
25 Eylül 2025;4.979.72;5.002.78
26 Eylül 2025;5.000.86;5.025.55
29 Eylül 2025;5.025.41;5.126.09
30 Eylül 2025;5.126.05;5.159.77
1 Ekim 2025;5.159.77;5.166.14
2 Ekim 2025;5.167.70;5.158.16
3 Ekim 2025;5.157.64;5.209.75
6 Ekim 2025;5.209.24;5.309.65
7 Ekim 2025;5.308.70;5.341.70
8 Ekim 2025;5.341.72;5.417.34
9 Ekim 2025;5.417.85;5.337.97
10 Ekim 2025;5.339.54;5.404.54
13 Ekim 2025;5.401.17;5.524.71
14 Ekim 2025;5.524.84;5.569.19
15 Ekim 2025;5.569.81;5.661.29
16 Ekim 2025;5.660.67;5.822.34
17 Ekim 2025;0;5.727.34
20 Ekim 2025;5.727.33;5.876.17
21 Ekim 2025;5.868.02;5.567.53
22 Ekim 2025;5.568.00;5.531.03
23 Ekim 2025;5.531.55;5.573.45
24 Ekim 2025;5.574.28;5.545.35
27 Ekim 2025;5.545.78;5.362.22
28 Ekim 2025;5.361.49;5.327.87
29 Ekim 2025;5.328.52;5.300.25
30 Ekim 2025;5.299.88;5.430.45
31 Ekim 2025;5.431.44;5.412.39
3 Kasým 2025;5.412.18;5.422.04
4 Kasým 2025;5.420.60;5.330.47
5 Kasým 2025;5.330.54;5.392.12
6 Kasým 2025;5.392.11;5.389.70
7 Kasým 2025;5.389.18;5.434.09
10 Kasým 2025;5.432.26;5.583.18
11 Kasým 2025;5.583.40;5.606.29
12 Kasým 2025;5.606.32;5.698.19
13 Kasým 2025;5.697.11;5.656.47
14 Kasým 2025;5.656.28;5.551.47
17 Kasým 2025;5.550.31;5.496.24
18 Kasým 2025;5.497.21;5.538.52
19 Kasým 2025;5.538.88;5.550.69
20 Kasým 2025;5.551.01;5.553.67
21 Kasým 2025;5.553.79;5.552.10
24 Kasým 2025;5.552.52;5.636.99
25 Kasým 2025;5.636.27;5.635.23
26 Kasým 2025;5.635.63;5.682.50
27 Kasým 2025;5.682.55;5.675.48
28 Kasým 2025;5.675.48;5.763.55
1 Aralýk 2025;5.764.63;5.781.31
2 Aralýk 2025;5.781.25;5.745.87
3 Aralýk 2025;5.745.21;5.740.46
4 Aralýk 2025;5.740.34;5.753.00
5 Aralýk 2025;5.753.02;5.746.23
8 Aralýk 2025;5.742.32;5.736.97
9 Aralýk 2025;5.737.24;5.768.24
10 Aralýk 2025;5.767.61;5.793.26
11 Aralýk 2025;5.793.23;5.856.86
12 Aralýk 2025;5.856.87;5.902.25
15 Aralýk 2025;5.902.95;5.909.27
16 Aralýk 2025;5.909.60;5.909.09
17 Aralýk 2025;5.909.60;5.963.43
18 Aralýk 2025;5.963.41;5.955.57
19 Aralýk 2025;5.954.46;5.972.23
22 Aralýk 2025;5.971.40;6.110.33
23 Aralýk 2025;0;6.192.84
24 Aralýk 2025;6.192.72;6.170.59
25 Aralýk 2025;6.171.22;6.170.88
26 Aralýk 2025;6.170.88;6.250.52
29 Aralýk 2025;6.249.34;5.982.56
30 Aralýk 2025;5.982.95;5.992.28
31 Aralýk 2025;5.993.40;5.953.31
1 Ocak 2026;5.953.18;5.966.21
2 Ocak 2026;5.966.21;5.991.88
5 Ocak 2026;5.993.00;6.147.49
6 Ocak 2026;6.147.86;6.217.38
7 Ocak 2026;6.217.13;6.159.22
8 Ocak 2026;6.159.09;6.194.83
9 Ocak 2026;0;6.251.35
12 Ocak 2026;6.251.43;6.367.50
13 Ocak 2026;6.367.69;6.363.38
14 Ocak 2026;6.363.54;6.430.96
15 Ocak 2026;6.431.25;6.394.96
16 Ocak 2026;6.394.94;6.375.38
19 Ocak 2026;6.385.36;6.496.42
20 Ocak 2026;6.496.39;6.617.30
21 Ocak 2026;0;6.719.15
22 Ocak 2026;6.716.26;6.837.89
23 Ocak 2026;6.837.89;6.945.51
26 Ocak 2026;6.946.56;7.046.50
27 Ocak 2026;7.046.73;7.227.40
28 Ocak 2026;7.224.52;7.502.59
29 Ocak 2026;7.727.13;7.530.65
30 Ocak 2026;7.530.58;6.788.96
2 Ţubat 2026;6.804.04;6.505.95
3 Ţubat 2026;6.510.77;6.908.30
4 Ţubat 2026;6.912.61;6.908.64
5 Ţubat 2026;6.909.95;6.732.52
6 Ţubat 2026;6.735.40;6.943.53
9 Ţubat 2026;6.952.07;7.119.10
10 Ţubat 2026;7.118.31;7.057.71
11 Ţubat 2026;7.056.60;7.138.95
12 Ţubat 2026;7.136.68;6.899.16
13 Ţubat 2026;6.898.15;7.075.98
16 Ţubat 2026;7.072.24;7.015.72
17 Ţubat 2026;7.015.69;6.858.06
18 Ţubat 2026;6.858.12;7.012.47
19 Ţubat 2026;7.013.99;7.037.44
20 Ţubat 2026;7.037.71;7.183.04
23 Ţubat 2026;7.187.69;7.380.25
24 Ţubat 2026;7.380.19;7.280.17
25 Ţubat 2026;7.279.55;7.266.74
26 Ţubat 2026;7.267.19;7.332.73
27 Ţubat 2026;7.333.50;7.435.91
2 Mart 2026;7.433.63;7.535.65
3 Mart 2026;7.537.18;7.208.20
4 Mart 2026;7.203.33;7.258.69
5 Mart 2026;7.257.78;7.181.99
6 Mart 2026;7.257.78;7.301.96
9 Mart 2026;7.314.94;7.276.39
10 Mart 2026;7.276.42;7.355.56
11 Mart 2026;7.353.76;7.336.37
12 Mart 2026;7.337.18;7.206.33
13 Mart 2026;7.206.36;7.136.03
16 Mart 2026;7.138.16;7.109.17
17 Mart 2026;7.109.48;7.113.06
18 Mart 2026;7.114.38;6.849.31
19 Mart 2026;6.853.31;6.621.92
20 Mart 2026;6.623.20;6.406.80
23 Mart 2026;6.406.40;6.277.88
24 Mart 2026;6.279.20;6.377.14
25 Mart 2026;6.376.09;6.425.38
26 Mart 2026;6.423.57;6.243.80
27 Mart 2026;6.247.36;6.418.21
